Workbook

Sheet Auswertung
A1: Flächenauswertung nach DIN 277:2021 – alle Geschosse
A2: Netto-Raumflächen in m², Bereich a (regulär umschlossen). Quelle: Repository cafm-acw, siehe Blatt „Hinweise“.
A4: Gebäude | B4: Geschoss | C4: Räume | D4: NUF 1 | E4: NUF 2 | F4: NUF 3 | G4: NUF 4 | H4: NUF 5 | I4: NUF 6 | J4: NUF 7 | K4: NUF gesamt | L4: TF | M4: VF | N4: NRF zugeordnet | O4: nicht zugeordnet | P4: NRF gesamt | Q4: Zuordnungs-quote | R4: BGF | S4: KGF
A5: Testgebäude A (TEN-001) | B5: Testgeschoss 01 / 01 | C5: =COUNTIFS(Raumliste!$B$2:$B$153,$A5,Raumliste!$C$2:$C$153,$B5) | D5: =SUMIFS(Raumliste!$G$2:$G$153,Raumliste!$B$2:$B$153,$A5,Raumliste!$C$2:$C$153,$B5,Raumliste!$I$2:$I$153,"NUF 1") | E5: =SUMIFS(Raumliste!$G$2:$G$153,Raumliste!$B$2:$B$153,$A5,Raumliste!$C$2:$C$153,$B5,Raumliste!$I$2:$I$153,"NUF 2") | F5: =SUMIFS(Raumliste!$G$2:$G$153,Raumliste!$B$2:$B$153,$A5,Raumliste!$C$2:$C$153,$B5,Raumliste!$I$2:$I$153,"NUF 3") | G5: =SUMIFS(Raumliste!$G$2:$G$153,Raumliste!$B$2:$B$153,$A5,Raumliste!$C$2:$C$153,$B5,Raumliste!$I$2:$I$153,"NUF 4") | H5: =SUMIFS(Raumliste!$G$2:$G$153,Raumliste!$B$2:$B$153,$A5,Raumliste!$C$2:$C$153,$B5,Raumliste!$I$2:$I$153,"NUF 5") | I5: =SUMIFS(Raumliste!$G$2:$G$153,Raumliste!$B$2:$B$153,$A5,Raumliste!$C$2:$C$153,$B5,Raumliste!$I$2:$I$153,"NUF 6") | J5: =SUMIFS(Raumliste!$G$2:$G$153,Raumliste!$B$2:$B$153,$A5,Raumliste!$C$2:$C$153,$B5,Raumliste!$I$2:$I$153,"NUF 7") | K5: =SUM(D5:J5) | L5: =SUMIFS(Raumliste!$G$2:$G$153,Raumliste!$B$2:$B$153,$A5,Raumliste!$C$2:$C$153,$B5,Raumliste!$I$2:$I$153,"TF") | M5: =SUMIFS(Raumliste!$G$2:$G$153,Raumliste!$B$2:$B$153,$A5,Raumliste!$C$2:$C$153,$B5,Raumliste!$I$2:$I$153,"VF") | N5: =K5+L5+M5 | O5: =SUMIFS(Raumliste!$G$2:$G$153,Raumliste!$B$2:$B$153,$A5,Raumliste!$C$2:$C$153,$B5,Raumliste!$I$2:$I$153,"offen") | P5: =N5+O5 | Q5: =IF(P5=0,0,N5/P5) | R5: n. e. | S5: n. e.
A6: Testgebäude A (TEN-001) | B6: 02 / 1.Obergeschoss | C6: =COUNTIFS(Raumliste!$B$2:$B$153,$A6,Raumliste!$C$2:$C$153,$B6) | D6: =SUMIFS(Raumliste!$G$2:$G$153,Raumliste!$B$2:$B$153,$A6,Raumliste!$C$2:$C$153,$B6,Raumliste!$I$2:$I$153,"NUF 1") | E6: =SUMIFS(Raumliste!$G$2:$G$153,Raumliste!$B$2:$B$153,$A6,Raumliste!$C$2:$C$153,$B6,Raumliste!$I$2:$I$153,"NUF 2") | F6: =SUMIFS(Raumliste!$G$2:$G$153,Raumliste!$B$2:$B$153,$A6,Raumliste!$C$2:$C$153,$B6,Raumliste!$I$2:$I$153,"NUF 3") | G6: =SUMIFS(Raumliste!$G$2:$G$153,Raumliste!$B$2:$B$153,$A6,Raumliste!$C$2:$C$153,$B6,Raumliste!$I$2:$I$153,"NUF 4") | H6: =SUMIFS(Raumliste!$G$2:$G$153,Raumliste!$B$2:$B$153,$A6,Raumliste!$C$2:$C$153,$B6,Raumliste!$I$2:$I$153,"NUF 5") | I6: =SUMIFS(Raumliste!$G$2:$G$153,Raumliste!$B$2:$B$153,$A6,Raumliste!$C$2:$C$153,$B6,Raumliste!$I$2:$I$153,"NUF 6") | J6: =SUMIFS(Raumliste!$G$2:$G$153,Raumliste!$B$2:$B$153,$A6,Raumliste!$C$2:$C$153,$B6,Raumliste!$I$2:$I$153,"NUF 7") | K6: =SUM(D6:J6) | L6: =SUMIFS(Raumliste!$G$2:$G$153,Raumliste!$B$2:$B$153,$A6,Raumliste!$C$2:$C$153,$B6,Raumliste!$I$2:$I$153,"TF") | M6: =SUMIFS(Raumliste!$G$2:$G$153,Raumliste!$B$2:$B$153,$A6,Raumliste!$C$2:$C$153,$B6,Raumliste!$I$2:$I$153,"VF") | N6: =K6+L6+M6 | O6: =SUMIFS(Raumliste!$G$2:$G$153,Raumliste!$B$2:$B$153,$A6,Raumliste!$C$2:$C$153,$B6,Raumliste!$I$2:$I$153,"offen") | P6: =N6+O6 | Q6: =IF(P6=0,0,N6/P6) | R6: n. e. | S6: n. e.
A7: Testgebäude A (TEN-001) | B7: Summe Gebäude | C7: =SUM(C5:C6) | D7: =SUM(D5:D6) | E7: =SUM(E5:E6) | F7: =SUM(F5:F6) | G7: =SUM(G5:G6) | H7: =SUM(H5:H6) | I7: =SUM(I5:I6) | J7: =SUM(J5:J6) | ... P7: =SUM(P5:P6) | Q7: =IF(P7=0,0,N7/P7) | R7: n. e. | S7: n. e.
A8: Testgebäude A (TEN-002) | B8: Testgeschoss 01 / 01 | C8: =COUNTIFS(Raumliste!$B$2:$B$153,$A8,Raumliste!$C$2:$C$153,$B8) | D8: =SUMIFS(Raumliste!$G$2:$G$153,Raumliste!$B$2:$B$153,$A8,Raumliste!$C$2:$C$153,$B8,Raumliste!$I$2:$I$153,"NUF 1") | E8: =SUMIFS(Raumliste!$G$2:$G$153,Raumliste!$B$2:$B$153,$A8,Raumliste!$C$2:$C$153,$B8,Raumliste!$I$2:$I$153,"NUF 2") | F8: =SUMIFS(Raumliste!$G$2:$G$153,Raumliste!$B$2:$B$153,$A8,Raumliste!$C$2:$C$153,$B8,Raumliste!$I$2:$I$153,"NUF 3") | G8: =SUMIFS(Raumliste!$G$2:$G$153,Raumliste!$B$2:$B$153,$A8,Raumliste!$C$2:$C$153,$B8,Raumliste!$I$2:$I$153,"NUF 4") | H8: =SUMIFS(Raumliste!$G$2:$G$153,Raumliste!$B$2:$B$153,$A8,Raumliste!$C$2:$C$153,$B8,Raumliste!$I$2:$I$153,"NUF 5") | I8: =SUMIFS(Raumliste!$G$2:$G$153,Raumliste!$B$2:$B$153,$A8,Raumliste!$C$2:$C$153,$B8,Raumliste!$I$2:$I$153,"NUF 6") | J8: =SUMIFS(Raumliste!$G$2:$G$153,Raumliste!$B$2:$B$153,$A8,Raumliste!$C$2:$C$153,$B8,Raumliste!$I$2:$I$153,"NUF 7") | K8: =SUM(D8:J8) | L8: =SUMIFS(Raumliste!$G$2:$G$153,Raumliste!$B$2:$B$153,$A8,Raumliste!$C$2:$C$153,$B8,Raumliste!$I$2:$I$153,"TF") | M8: =SUMIFS(Raumliste!$G$2:$G$153,Raumliste!$B$2:$B$153,$A8,Raumliste!$C$2:$C$153,$B8,Raumliste!$I$2:$I$153,"VF") | N8: =K8+L8+M8 | O8: =SUMIFS(Raumliste!$G$2:$G$153,Raumliste!$B$2:$B$153,$A8,Raumliste!$C$2:$C$153,$B8,Raumliste!$I$2:$I$153,"offen") | P8: =N8+O8 | Q8: =IF(P8=0,0,N8/P8) | R8: n. e. | S8: n. e.
A9: Testgebäude A (TEN-002) | B9: Summe Gebäude | C9: =SUM(C8:C8) | D9: =SUM(D8:D8) | E9: =SUM(E8:E8) | F9: =SUM(F8:F8) | G9: =SUM(G8:G8) | H9: =SUM(H8:H8) | I9: =SUM(I8:I8) | J9: =SUM(J8:J8) | ... P9: =SUM(P8:P8) | Q9: =IF(P9=0,0,N9/P9) | R9: n. e. | S9: n. e.
A10: DE-SIE-11154 (EG-Zeichnung) | B10: EG | C10: =COUNTIFS(Raumliste!$B$2:$B$153,$A10,Raumliste!$C$2:$C$153,$B10) | D10: =SUMIFS(Raumliste!$G$2:$G$153,Raumliste!$B$2:$B$153,$A10,Raumliste!$C$2:$C$153,$B10,Raumliste!$I$2:$I$153,"NUF 1") | E10: =SUMIFS(Raumliste!$G$2:$G$153,Raumliste!$B$2:$B$153,$A10,Raumliste!$C$2:$C$153,$B10,Raumliste!$I$2:$I$153,"NUF 2") | F10: =SUMIFS(Raumliste!$G$2:$G$153,Raumliste!$B$2:$B$153,$A10,Raumliste!$C$2:$C$153,$B10,Raumliste!$I$2:$I$153,"NUF 3") | G10: =SUMIFS(Raumliste!$G$2:$G$153,Raumliste!$B$2:$B$153,$A10,Raumliste!$C$2:$C$153,$B10,Raumliste!$I$2:$I$153,"NUF 4") | H10: =SUMIFS(Raumliste!$G$2:$G$153,Raumliste!$B$2:$B$153,$A10,Raumliste!$C$2:$C$153,$B10,Raumliste!$I$2:$I$153,"NUF 5") | I10: =SUMIFS(Raumliste!$G$2:$G$153,Raumliste!$B$2:$B$153,$A10,Raumliste!$C$2:$C$153,$B10,Raumliste!$I$2:$I$153,"NUF 6") | J10: =SUMIFS(Raumliste!$G$2:$G$153,Raumliste!$B$2:$B$153,$A10,Raumliste!$C$2:$C$153,$B10,Raumliste!$I$2:$I$153,"NUF 7") | K10: =SUM(D10:J10) | L10: =SUMIFS(Raumliste!$G$2:$G$153,Raumliste!$B$2:$B$153,$A10,Raumliste!$C$2:$C$153,$B10,Raumliste!$I$2:$I$153,"TF") | M10: =SUMIFS(Raumliste!$G$2:$G$153,Raumliste!$B$2:$B$153,$A10,Raumliste!$C$2:$C$153,$B10,Raumliste!$I$2:$I$153,"VF") | N10: =K10+L10+M10 | O10: =SUMIFS(Raumliste!$G$2:$G$153,Raumliste!$B$2:$B$153,$A10,Raumliste!$C$2:$C$153,$B10,Raumliste!$I$2:$I$153,"offen") | P10: =N10+O10 | Q10: =IF(P10=0,0,N10/P10) | R10: n. e. | S10: n. e.
A11: DE-SIE-11154 (EG-Zeichnung) | B11: Summe Gebäude | C11: =SUM(C10:C10) | D11: =SUM(D10:D10) | E11: =SUM(E10:E10) | F11: =SUM(F10:F10) | G11: =SUM(G10:G10) | H11: =SUM(H10:H10) | I11: =SUM(I10:I10) | J11: =SUM(J10:J10) | ... P11: =SUM(P10:P10) | Q11: =IF(P11=0,0,N11/P11) | R11: n. e. | S11: n. e.
A12: Gesamt alle Gebäude / Geschosse | C12: =C7+C9+C11 | D12: =D7+D9+D11 | E12: =E7+E9+E11 | F12: =F7+F9+F11 | G12: =G7+G9+G11 | H12: =H7+H9+H11 | I12: =I7+I9+I11 | J12: =J7+J9+J11 | ... P12: =P7+P9+P11 | Q12: =IF(P12=0,0,N12/P12) | R12: n. e. | S12: n. e.
A14: Kennzahlen je Gebäude
A15: Gebäude | B15: NUF / NRF | C15: VF / NUF | D15: TF / NRF | E15: Anteil NUF 2 Büro an NUF | F15: Räume zu prüfen
A16: =A7 | B16: =IF(N7=0,0,K7/N7) | C16: =IF(K7=0,0,M7/K7) | D16: =IF(N7=0,0,L7/N7) | E16: =IF(K7=0,0,E7/K7) | F16: =COUNTIFS(Raumliste!$B$2:$B$153,A7,Raumliste!$K$2:$K$153,"ja")
A17: =A9 | B17: =IF(N9=0,0,K9/N9) | C17: =IF(K9=0,0,M9/K9) | D17: =IF(N9=0,0,L9/N9) | E17: =IF(K9=0,0,E9/K9) | F17: =COUNTIFS(Raumliste!$B$2:$B$153,A9,Raumliste!$K$2:$K$153,"ja")
A18: =A11 | B18: =IF(N11=0,0,K11/N11) | C18: =IF(K11=0,0,M11/K11) | D18: =IF(N11=0,0,L11/N11) | E18: =IF(K11=0,0,E11/K11) | F18: =COUNTIFS(Raumliste!$B$2:$B$153,A11,Raumliste!$K$2:$K$153,"ja")
A19: Bezugsgröße der Quoten: zugeordnete NRF (nicht zugeordnete Räume bleiben außen vor).

Sheet Raumliste
A1: Quelle | B1: Gebäude | C1: Geschoss | D1: Raumnr. | E1: Bezeichnung | F1: Nutzungsart (CAFM) | G1: NRF [m²] | H1: DIN 277 Code | I1: Hauptgruppe | J1: Zuordnung über | K1: prüfen | L1: Bemerkung
A2: CAFM TEN-001 | B2: Testgebäude A (TEN-001) | C2: Testgeschoss 01 / 01 | D2: 101 | E2: Testraum 101 | F2: Büro | H2: NUF 2.1 | I2: =IF(LEFT(H2,3)="NUF",LEFT(H2,5),IF(LEFT(H2,2)="TF","TF",IF(LEFT(H2,2)="VF","VF","offen"))) | J2: CAFM-Nutzungsart | K2: ja | L2: Netto-Raumfläche fehlt
A3: CAFM TEN-001 | B3: Testgebäude A (TEN-001) | C3: 02 / 1.Obergeschoss | D3: 025 | E3: Büro | F3: Büro | G3: 34 | H3: NUF 2.1 | I3: =IF(LEFT(H3,3)="NUF",LEFT(H3,5),IF(LEFT(H3,2)="TF","TF",IF(LEFT(H3,2)="VF","VF","offen"))) | J3: CAFM-Nutzungsart | K3: nein
A4: CAFM TEN-001 | B4: Testgebäude A (TEN-001) | C4: Testgeschoss 01 / 01 | D4: 026 | E4: Büro | F4: Büro | G4: 18.87 | H4: NUF 2.1 | I4: =IF(LEFT(H4,3)="NUF",LEFT(H4,5),IF(LEFT(H4,2)="TF","TF",IF(LEFT(H4,2)="VF","VF","offen"))) | J4: CAFM-Nutzungsart | K4: nein
A5: CAFM TEN-001 | B5: Testgebäude A (TEN-001) | C5: Testgeschoss 01 / 01 | D5: 027 | E5: Büro | F5: Büro | G5: 18.79 | H5: NUF 2.1 | I5: =IF(LEFT(H5,3)="NUF",LEFT(H5,5),IF(LEFT(H5,2)="TF","TF",IF(LEFT(H5,2)="VF","VF","offen"))) | J5: CAFM-Nutzungsart | K5: nein
A6: CAFM TEN-001 | B6: Testgebäude A (TEN-001) | C6: Testgeschoss 01 / 01 | D6: 028 | E6: Büro | F6: Büro | G6: 32.2 | H6: NUF 2.1 | I6: =IF(LEFT(H6,3)="NUF",LEFT(H6,5),IF(LEFT(H6,2)="TF","TF",IF(LEFT(H6,2)="VF","VF","offen"))) | J6: CAFM-Nutzungsart | K6: nein
A7: CAFM TEN-001 | B7: Testgebäude A (TEN-001) | C7: Testgeschoss 01 / 01 | D7: 029 | E7: Büro | F7: Büro | G7: 18.79 | H7: NUF 2.1 | I7: =IF(LEFT(H7,3)="NUF",LEFT(H7,5),IF(LEFT(H7,2)="TF","TF",IF(LEFT(H7,2)="VF","VF","offen"))) | J7: CAFM-Nutzungsart | K7: nein
A8: CAFM TEN-001 | B8: Testgebäude A (TEN-001) | C8: Testgeschoss 01 / 01 | D8: 030 | E8: Büro | F8: Büro | G8: 32.2 | H8: NUF 2.1 | I8: =IF(LEFT(H8,3)="NUF",LEFT(H8,5),IF(LEFT(H8,2)="TF","TF",IF(LEFT(H8,2)="VF","VF","offen"))) | J8: CAFM-Nutzungsart | K8: nein
A9: CAFM TEN-001 | B9: Testgebäude A (TEN-001) | C9: Testgeschoss 01 / 01 | D9: 031 | E9: Büro | F9: Büro | G9: 18.79 | H9: NUF 2.1 | I9: =IF(LEFT(H9,3)="NUF",LEFT(H9,5),IF(LEFT(H9,2)="TF","TF",IF(LEFT(H9,2)="VF","VF","offen"))) | J9: CAFM-Nutzungsart | K9: nein
A10: CAFM TEN-001 | B10: Testgebäude A (TEN-001) | C10: Testgeschoss 01 / 01 | D10: 032 | E10: Büro | F10: Büro | G10: 19 | H10: NUF 2.1 | I10: =IF(LEFT(H10,3)="NUF",LEFT(H10,5),IF(LEFT(H10,2)="TF","TF",IF(LEFT(H10,2)="VF","VF","offen"))) | J10: CAFM-Nutzungsart | K10: nein
A11: CAFM TEN-001 | B11: Testgebäude A (TEN-001) | C11: Testgeschoss 01 / 01 | D11: 024 | E11: Büro | F11: Büro | G11: 18.82 | H11: NUF 2.1 | I11: =IF(LEFT(H11,3)="NUF",LEFT(H11,5),IF(LEFT(H11,2)="TF","TF",IF(LEFT(H11,2)="VF","VF","offen"))) | J11: CAFM-Nutzungsart | K11: nein
A12: CAFM TEN-001 | B12: Testgebäude A (TEN-001) | C12: Testgeschoss 01 / 01 | D12: 023 | E12: Büro | F12: Büro | G12: 18.96 | H12: NUF 2.1 | I12: =IF(LEFT(H12,3)="NUF",LEFT(H12,5),IF(LEFT(H12,2)="TF","TF",IF(LEFT(H12,2)="VF","VF","offen"))) | J12: CAFM-Nutzungsart | K12: nein
A13: CAFM TEN-001 | B13: Testgebäude A (TEN-001) | C13: Testgeschoss 01 / 01 | D13: 022b | E13: Büro | F13: Büro | G13: 18.92 | H13: NUF 2.1 | I13: =IF(LEFT(H13,3)="NUF",LEFT(H13,5),IF(LEFT(H13,2)="TF","TF",IF(LEFT(H13,2)="VF","VF","offen"))) | J13: CAFM-Nutzungsart | K13: nein
A14: CAFM TEN-001 | B14: Testgebäude A (TEN-001) | C14: Testgeschoss 01 / 01 | D14: 022a | E14: Büro | F14: Büro | G14: 18.92 | H14: NUF 2.1 | I14: =IF(LEFT(H14,3)="NUF",LEFT(H14,5),IF(LEFT(H14,2)="TF","TF",IF(LEFT(H14,2)="VF","VF","offen"))) | J14: CAFM-Nutzungsart | K14: nein
... A28: CAFM TEN-001 | B28: Testgebäude A (TEN-001) | C28: Testgeschoss 01 / 01 | D28: 043 | E28: Büro | F28: Büro | G28: 19.27 | H28: NUF 2.1 | I28: =IF(LEFT(H28,3)="NUF",LEFT(H28,5),IF(LEFT(H28,2)="TF","TF",IF(LEFT(H28,2)="VF","VF","offen"))) | J28: CAFM-Nutzungsart | K28: nein
A29: CAFM TEN-002 | B29: Testgebäude A (TEN-002) | C29: Testgeschoss 01 / 01 | D29: 101 | E29: Testraum 101 | F29: Büro | H29: NUF 2.1 | I29: =IF(LEFT(H29,3)="NUF",LEFT(H29,5),IF(LEFT(H29,2)="TF","TF",IF(LEFT(H29,2)="VF","VF","offen"))) | J29: CAFM-Nutzungsart | K29: ja | L29: Netto-Raumfläche fehlt
A30: DWG-Import F3.2 | B30: DE-SIE-11154 (EG-Zeichnung) | C30: EG | D30: 32-15 | G30: 3.54 | H30: offen | I30: =IF(LEFT(H30,3)="NUF",LEFT(H30,5),IF(LEFT(H30,2)="TF","TF",IF(LEFT(H30,2)="VF","VF","offen"))) | J30: keine Bezeichnung | K30: ja
A31: DWG-Import F3.2 | B31: DE-SIE-11154 (EG-Zeichnung) | C31: EG | D31: 32-13.1 | G31: 7.27 | H31: offen | I31: =IF(LEFT(H31,3)="NUF",LEFT(H31,5),IF(LEFT(H31,2)="TF","TF",IF(LEFT(H31,2)="VF","VF","offen"))) | J31: keine Bezeichnung | K31: ja
A32: DWG-Import F3.2 | B32: DE-SIE-11154 (EG-Zeichnung) | C32: EG | D32: 32-14 | E32: PZ. | G32: 3.54 | H32: offen | I32: =IF(LEFT(H32,3)="NUF",LEFT(H32,5),IF(LEFT(H32,2)="TF","TF",IF(LEFT(H32,2)="VF","VF","offen"))) | J32: Bezeichnung nicht eindeutig | K32: ja
A33: DWG-Import F3.2 | B33: DE-SIE-11154 (EG-Zeichnung) | C33: EG | D33: 32-13 | G33: 6.03 | H33: offen | I33: =IF(LEFT(H33,3)="NUF",LEFT(H33,5),IF(LEFT(H33,2)="TF","TF",IF(LEFT(H33,2)="VF","VF","offen"))) | J33: keine Bezeichnung | K33: ja
A34: DWG-Import F3.2 | B34: DE-SIE-11154 (EG-Zeichnung) | C34: EG | D34: 32-13.2 | E34: Stiefel Waschen | G34: 3.49 | H34: NUF 7.1 | I34: =IF(LEFT(H34,3)="NUF",LEFT(H34,5),IF(LEFT(H34,2)="TF","TF",IF(LEFT(H34,2)="VF","VF","offen"))) | J34: Bezeichnung | K34: nein
A35: DWG-Import F3.2 | B35: DE-SIE-11154 (EG-Zeichnung) | C35: EG | D35: 32-7.1 | G35: 7.33 | H35: offen | I35: =IF(LEFT(H35,3)="NUF",LEFT(H35,5),IF(LEFT(H35,2)="TF","TF",IF(LEFT(H35,2)="VF","VF","offen"))) | J35: keine Bezeichnung | K35: ja
A36: DWG-Import F3.2 | B36: DE-SIE-11154 (EG-Zeichnung) | C36: EG | D36: 32-11 | E36: Waschen | G36: 14.76 | H36: NUF 7.1 | I36: =IF(LEFT(H36,3)="NUF",LEFT(H36,5),IF(LEFT(H36,2)="TF","TF",IF(LEFT(H36,2)="VF","VF","offen"))) | J36: Bezeichnung | K36: nein
A37: DWG-Import F3.2 | B37: DE-SIE-11154 (EG-Zeichnung) | C37: EG | D37: 32-10 | E37: Dusche | G37: 6.54 | H37: NUF 7.1 | I37: =IF(LEFT(H37,3)="NUF",LEFT(H37,5),IF(LEFT(H37,2)="TF","TF",IF(LEFT(H37,2)="VF","VF","offen"))) | J37: Bezeichnung | K37: nein
A38: DWG-Import F3.2 | B38: DE-SIE-11154 (EG-Zeichnung) | C38: EG | D38: 32-12 | G38: 21.68 | H38: offen | I38: =IF(LEFT(H38,3)="NUF",LEFT(H38,5),IF(LEFT(H38,2)="TF","TF",IF(LEFT(H38,2)="VF","VF","offen"))) | J38: keine Bezeichnung | K38: ja
A39: DWG-Import F3.2 | B39: DE-SIE-11154 (EG-Zeichnung) | C39: EG | D39: 23 | G39: 19.38 | H39: offen | I39: =IF(LEFT(H39,3)="NUF",LEFT(H39,5),IF(LEFT(H39,2)="TF","TF",IF(LEFT(H39,2)="VF","VF","offen"))) | J39: keine Bezeichnung | K39: ja
A40: DWG-Import F3.2 | B40: DE-SIE-11154 (EG-Zeichnung) | C40: EG | D40: 22 | G40: 18.61 | H40: offen | I40: =IF(LEFT(H40,3)="NUF",LEFT(H40,5),IF(LEFT(H40,2)="TF","TF",IF(LEFT(H40,2)="VF","VF","offen"))) | J40: keine Bezeichnung | K40: ja
A41: DWG-Import F3.2 | B41: DE-SIE-11154 (EG-Zeichnung) | C41: EG | D41: 25 | E41: Aufenthaltsraum | G41: 28.3 | H41: NUF 1.3 | I41: =IF(LEFT(H41,3)="NUF",LEFT(H41,5),IF(LEFT(H41,2)="TF","TF",IF(LEFT(H41,2)="VF","VF","offen"))) | J41: Bezeichnung | K41: nein
A42: DWG-Import F3.2 | B42: DE-SIE-11154 (EG-Zeichnung) | C42: EG | D42: 27 | G42: 28.56 | H42: offen | I42: =IF(LEFT(H42,3)="NUF",LEFT(H42,5),IF(LEFT(H42,2)="TF","TF",IF(LEFT(H42,2)="VF","VF","offen"))) | J42: keine Bezeichnung | K42: ja
A43: DWG-Import F3.2 | B43: DE-SIE-11154 (EG-Zeichnung) | C43: EG | D43: 20 | G43: 18.87 | H43: offen | I43: =IF(LEFT(H43,3)="NUF",LEFT(H43,5),IF(LEFT(H43,2)="TF","TF",IF(LEFT(H43,2)="VF","VF","offen"))) | J43: keine Bezeichnung | K43: ja
A44: DWG-Import F3.2 | B44: DE-SIE-11154 (EG-Zeichnung) | C44: EG | D44: 21 | G44: 28.3 | H44: offen | I44: =IF(LEFT(H44,3)="NUF",LEFT(H44,5),IF(LEFT(H44,2)="TF","TF",IF(LEFT(H44,2)="VF","VF","offen"))) | J44: keine Bezeichnung | K44: ja
A45: DWG-Import F3.2 | B45: DE-SIE-11154 (EG-Zeichnung) | C45: EG | D45: 19 | G45: 20.14 | H45: offen | I45: =IF(LEFT(H45,3)="NUF",LEFT(H45,5),IF(LEFT(H45,2)="TF","TF",IF(LEFT(H45,2)="VF","VF","offen"))) | J45: keine Bezeichnung | K45: ja
A46: DWG-Import F3.2 | B46: DE-SIE-11154 (EG-Zeichnung) | C46: EG | D46: 24 | G46: 46.39 | H46: offen | I46: =IF(LEFT(H46,3)="NUF",LEFT(H46,5),IF(LEFT(H46,2)="TF","TF",IF(LEFT(H46,2)="VF","VF","offen"))) | J46: keine Bezeichnung | K46: ja
A47: DWG-Import F3.2 | B47: DE-SIE-11154 (EG-Zeichnung) | C47: EG | D47: 24.1 | G47: 5.88 | H47: offen | I47: =IF(LEFT(H47,3)="NUF",LEFT(H47,5),IF(LEFT(H47,2)="TF","TF",IF(LEFT(H47,2)="VF","VF","offen"))) | J47: keine Bezeichnung | K47: ja
A48: DWG-Import F3.2 | B48: DE-SIE-11154 (EG-Zeichnung) | C48: EG | D48: 32-1 | E48: Anlieferung | G48: 29.93 | H48: NUF 4.4 | I48: =IF(LEFT(H48,3)="NUF",LEFT(H48,5),IF(LEFT(H48,2)="TF","TF",IF(LEFT(H48,2)="VF","VF","offen"))) | J48: Bezeichnung | K48: nein
A49: DWG-Import F3.2 | B49: DE-SIE-11154 (EG-Zeichnung) | C49: EG | D49: 32 | E49: Funkwerkstatt | G49: 28.05 | H49: NUF 3.2 | I49: =IF(LEFT(H49,3)="NUF",LEFT(H49,5),IF(LEFT(H49,2)="TF","TF",IF(LEFT(H49,2)="VF","VF","offen"))) | J49: Bezeichnung | K49: nein
A50: DWG-Import F3.2 | B50: DE-SIE-11154 (EG-Zeichnung) | C50: EG | D50: 28 | G50: 18.87 | H50: offen | I50: =IF(LEFT(H50,3)="NUF",LEFT(H50,5),IF(LEFT(H50,2)="TF","TF",IF(LEFT(H50,2)="VF","VF","offen"))) | J50: keine Bezeichnung | K50: ja
A51: DWG-Import F3.2 | B51: DE-SIE-11154 (EG-Zeichnung) | C51: EG | D51: 29 | G51: 18.61 | H51: offen | I51: =IF(LEFT(H51,3)="NUF",LEFT(H51,5),IF(LEFT(H51,2)="TF","TF",IF(LEFT(H51,2)="VF","VF","offen"))) | J51: keine Bezeichnung | K51: ja
A52: DWG-Import F3.2 | B52: DE-SIE-11154 (EG-Zeichnung) | C52: EG | D52: 30 | G52: 18.61 | H52: offen | I52: =IF(LEFT(H52,3)="NUF",LEFT(H52,5),IF(LEFT(H52,2)="TF","TF",IF(LEFT(H52,2)="VF","VF","offen"))) | J52: keine Bezeichnung | K52: ja
A53: DWG-Import F3.2 | B53: DE-SIE-11154 (EG-Zeichnung) | C53: EG | D53: 31 | G53: 18.87 | H53: offen | I53: =IF(LEFT(H53,3)="NUF",LEFT(H53,5),IF(LEFT(H53,2)="TF","TF",IF(LEFT(H53,2)="VF","VF","offen"))) | J53: keine Bezeichnung | K53: ja
A54: DWG-Import F3.2 | B54: DE-SIE-11154 (EG-Zeichnung) | C54: EG | D54: 33 | G54: 18.56 | H54: offen | I54: =IF(LEFT(H54,3)="NUF",LEFT(H54,5),IF(LEFT(H54,2)="TF","TF",IF(LEFT(H54,2)="VF","VF","offen"))) | J54: keine Bezeichnung | K54: ja
A55: DWG-Import F3.2 | B55: DE-SIE-11154 (EG-Zeichnung) | C55: EG | D55: 18-1 | G55: 7.2 | H55: offen | I55: =IF(LEFT(H55,3)="NUF",LEFT(H55,5),IF(LEFT(H55,2)="TF","TF",IF(LEFT(H55,2)="VF","VF","offen"))) | J55: keine Bezeichnung | K55: ja
A56: DWG-Import F3.2 | B56: DE-SIE-11154 (EG-Zeichnung) | C56: EG | D56: 32-4 | G56: 9.99 | H56: offen | I56: =IF(LEFT(H56,3)="NUF",LEFT(H56,5),IF(LEFT(H56,2)="TF","TF",IF(LEFT(H56,2)="VF","VF","offen"))) | J56: keine Bezeichnung | K56: ja
A57: DWG-Import F3.2 | B57: DE-SIE-11154 (EG-Zeichnung) | C57: EG | D57: 18-2 | G57: 18.9 | H57: offen | I57: =IF(LEFT(H57,3)="NUF",LEFT(H57,5),IF(LEFT(H57,2)="TF","TF",IF(LEFT(H57,2)="VF","VF","offen"))) | J57: keine Bezeichnung | K57: ja
A58: DWG-Import F3.2 | B58: DE-SIE-11154 (EG-Zeichnung) | C58: EG | D58: 32-8 | G58: 28.71 | H58: offen | I58: =IF(LEFT(H58,3)="NUF",LEFT(H58,5),IF(LEFT(H58,2)="TF","TF",IF(LEFT(H58,2)="VF","VF","offen"))) | J58: keine Bezeichnung | K58: ja
A59: DWG-Import F3.2 | B59: DE-SIE-11154 (EG-Zeichnung) | C59: EG | D59: 32-9 | G59: 11.34 | H59: offen | I59: =IF(LEFT(H59,3)="NUF",LEFT(H59,5),IF(LEFT(H59,2)="TF","TF",IF(LEFT(H59,2)="VF","VF","offen"))) | J59: keine Bezeichnung | K59: ja
A60: DWG-Import F3.2 | B60: DE-SIE-11154 (EG-Zeichnung) | C60: EG | D60: 32-2 | G60: 30.19 | H60: offen | I60: =IF(LEFT(H60,3)="NUF",LEFT(H60,5),IF(LEFT(H60,2)="TF","TF",IF(LEFT(H60,2)="VF","VF","offen"))) | J60: keine Bezeichnung | K60: ja
A61: DWG-Import F3.2 | B61: DE-SIE-11154 (EG-Zeichnung) | C61: EG | D61: 32-3 | G61: 9.63 | H61: offen | I61: =IF(LEFT(H61,3)="NUF",LEFT(H61,5),IF(LEFT(H61,2)="TF","TF",IF(LEFT(H61,2)="VF","VF","offen"))) | J61: keine Bezeichnung | K61: ja
... A71: DWG-Import F3.2 | B71: DE-SIE-11154 (EG-Zeichnung) | C71: EG | D71: 15 | G71: 28.56 | H71: offen | I71: =IF(LEFT(H71,3)="NUF",LEFT(H71,5),IF(LEFT(H71,2)="TF","TF",IF(LEFT(H71,2)="VF","VF","offen"))) | J71: keine Bezeichnung | K71: ja
A72: DWG-Import F3.2 | B72: DE-SIE-11154 (EG-Zeichnung) | C72: EG | D72: 14 | E72: Lichtstudio | G72: 28.56 | H72: NUF 4.6 | I72: =IF(LEFT(H72,3)="NUF",LEFT(H72,5),IF(LEFT(H72,2)="TF","TF",IF(LEFT(H72,2)="VF","VF","offen"))) | J72: Bezeichnung | K72: ja
A73: DWG-Import F3.2 | B73: DE-SIE-11154 (EG-Zeichnung) | C73: EG | D73: 15.1 | G73: 8.93 | H73: offen | I73: =IF(LEFT(H73,3)="NUF",LEFT(H73,5),IF(LEFT(H73,2)="TF","TF",IF(LEFT(H73,2)="VF","VF","offen"))) | J73: keine Bezeichnung | K73: ja
A74: DWG-Import F3.2 | B74: DE-SIE-11154 (EG-Zeichnung) | C74: EG | D74: 13.1 | G74: 19.39 | H74: offen | I74: =IF(LEFT(H74,3)="NUF",LEFT(H74,5),IF(LEFT(H74,2)="TF","TF",IF(LEFT(H74,2)="VF","VF","offen"))) | J74: keine Bezeichnung | K74: ja
A75: DWG-Import F3.2 | B75: DE-SIE-11154 (EG-Zeichnung) | C75: EG | D75: 13 | G75: 10.27 | H75: offen | I75: =IF(LEFT(H75,3)="NUF",LEFT(H75,5),IF(LEFT(H75,2)="TF","TF",IF(LEFT(H75,2)="VF","VF","offen"))) | J75: keine Bezeichnung | K75: ja
A76: DWG-Import F3.2 | B76: DE-SIE-11154 (EG-Zeichnung) | C76: EG | D76: 16/17/18 | G76: 77.97 | H76: offen | I76: =IF(LEFT(H76,3)="NUF",LEFT(H76,5),IF(LEFT(H76,2)="TF","TF",IF(LEFT(H76,2)="VF","VF","offen"))) | J76: keine Bezeichnung | K76: ja
A77: DWG-Import F3.2 | B77: DE-SIE-11154 (EG-Zeichnung) | C77: EG | D77: 36 | E77: Büro (Lager) | G77: 38.25 | H77: NUF 4.1 | I77: =IF(LEFT(H77,3)="NUF",LEFT(H77,5),IF(LEFT(H77,2)="TF","TF",IF(LEFT(H77,2)="VF","VF","offen"))) | J77: Bezeichnung | K77: ja
A78: DWG-Import F3.2 | B78: DE-SIE-11154 (EG-Zeichnung) | C78: EG | D78: 35 | G78: 19.32 | H78: offen | I78: =IF(LEFT(H78,3)="NUF",LEFT(H78,5),IF(LEFT(H78,2)="TF","TF",IF(LEFT(H78,2)="VF","VF","offen"))) | J78: keine Bezeichnung | K78: ja
A79: DWG-Import F3.2 | B79: DE-SIE-11154 (EG-Zeichnung) | C79: EG | D79: 37 | E79: Büro (Registratur) | G79: 18.61 | H79: NUF 2.1 | I79: =IF(LEFT(H79,3)="NUF",LEFT(H79,5),IF(LEFT(H79,2)="TF","TF",IF(LEFT(H79,2)="VF","VF","offen"))) | J79: Bezeichnung | K79: nein
A80: DWG-Import F3.2 | B80: DE-SIE-11154 (EG-Zeichnung) | C80: EG | D80: 34 | E80: Büro(Poststelle) | G80: 99.41 | H80: NUF 2.1 | I80: =IF(LEFT(H80,3)="NUF",LEFT(H80,5),IF(LEFT(H80,2)="TF","TF",IF(LEFT(H80,2)="VF","VF","offen"))) | J80: Bezeichnung | K80: ja
A81: DWG-Import F3.2 | B81: DE-SIE-11154 (EG-Zeichnung) | C81: EG | D81: 34-5 | G81: 41.76 | H81: offen | I81: =IF(LEFT(H81,3)="NUF",LEFT(H81,5),IF(LEFT(H81,2)="TF","TF",IF(LEFT(H81,2)="VF","VF","offen"))) | J81: keine Bezeichnung | K81: ja
A82: DWG-Import F3.2 | B82: DE-SIE-11154 (EG-Zeichnung) | C82: EG | D82: 34-6 | G82: 13.5 | H82: offen | I82: =IF(LEFT(H82,3)="NUF",LEFT(H82,5),IF(LEFT(H82,2)="TF","TF",IF(LEFT(H82,2)="VF","VF","offen"))) | J82: keine Bezeichnung | K82: ja
A83: DWG-Import F3.2 | B83: DE-SIE-11154 (EG-Zeichnung) | C83: EG | D83: 1-5.1 | G83: 3.98 | H83: offen | I83: =IF(LEFT(H83,3)="NUF",LEFT(H83,5),IF(LEFT(H83,2)="TF","TF",IF(LEFT(H83,2)="VF","VF","offen"))) | J83: keine Bezeichnung | K83: ja
A84: DWG-Import F3.2 | B84: DE-SIE-11154 (EG-Zeichnung) | C84: EG | D84: ?? | G84: 3.42 | H84: offen | I84: =IF(LEFT(H84,3)="NUF",LEFT(H84,5),IF(LEFT(H84,2)="TF","TF",IF(LEFT(H84,2)="VF","VF","offen"))) | J84: keine Bezeichnung | K84: ja | L84: Raumnummer fehlt in DWG
A85: DWG-Import F3.2 | B85: DE-SIE-11154 (EG-Zeichnung) | C85: EG | D85: 15-12.1 | G85: 5.26 | H85: offen | I85: =IF(LEFT(H85,3)="NUF",LEFT(H85,5),IF(LEFT(H85,2)="TF","TF",IF(LEFT(H85,2)="VF","VF","offen"))) | J85: keine Bezeichnung | K85: ja
A86: DWG-Import F3.2 | B86: DE-SIE-11154 (EG-Zeichnung) | C86: EG | D86: 15-12 | E86: Kochstudio | G86: 39.54 | H86: NUF 3.7 | I86: =IF(LEFT(H86,3)="NUF",LEFT(H86,5),IF(LEFT(H86,2)="TF","TF",IF(LEFT(H86,2)="VF","VF","offen"))) | J86: Bezeichnung | K86: ja
A87: DWG-Import F3.2 | B87: DE-SIE-11154 (EG-Zeichnung) | C87: EG | D87: 15-1 | E87: Kundenforum | G87: 48.66 | H87: NUF 5.6 | I87: =IF(LEFT(H87,3)="NUF",LEFT(H87,5),IF(LEFT(H87,2)="TF","TF",IF(LEFT(H87,2)="VF","VF","offen"))) | J87: Bezeichnung | K87: ja
A88: DWG-Import F3.2 | B88: DE-SIE-11154 (EG-Zeichnung) | C88: EG | D88: 15-1.3 | G88: 19.06 | H88: offen | I88: =IF(LEFT(H88,3)="NUF",LEFT(H88,5),IF(LEFT(H88,2)="TF","TF",IF(LEFT(H88,2)="VF","VF","offen"))) | J88: keine Bezeichnung | K88: ja
A89: DWG-Import F3.2 | B89: DE-SIE-11154 (EG-Zeichnung) | C89: EG | D89: 15-1.2 | G89: 10.7 | H89: offen | I89: =IF(LEFT(H89,3)="NUF",LEFT(H89,5),IF(LEFT(H89,2)="TF","TF",IF(LEFT(H89,2)="VF","VF","offen"))) | J89: keine Bezeichnung | K89: ja
A90: DWG-Import F3.2 | B90: DE-SIE-11154 (EG-Zeichnung) | C90: EG | D90: 15-1.1 | G90: 6.46 | H90: offen | I90: =IF(LEFT(H90,3)="NUF",LEFT(H90,5),IF(LEFT(H90,2)="TF","TF",IF(LEFT(H90,2)="VF","VF","offen"))) | J90: keine Bezeichnung | K90: ja
A91: DWG-Import F3.2 | B91: DE-SIE-11154 (EG-Zeichnung) | C91: EG | D91: 15-1.4 | G91: 30.13 | H91: offen | I91: =IF(LEFT(H91,3)="NUF",LEFT(H91,5),IF(LEFT(H91,2)="TF","TF",IF(LEFT(H91,2)="VF","VF","offen"))) | J91: keine Bezeichnung | K91: ja
A92: DWG-Import F3.2 | B92: DE-SIE-11154 (EG-Zeichnung) | C92: EG | D92: 15-9 | G92: 5.03 | H92: offen | I92: =IF(LEFT(H92,3)="NUF",LEFT(H92,5),IF(LEFT(H92,2)="TF","TF",IF(LEFT(H92,2)="VF","VF","offen"))) | J92: keine Bezeichnung | K92: ja
A93: DWG-Import F3.2 | B93: DE-SIE-11154 (EG-Zeichnung) | C93: EG | D93: 15-11 | G93: 5.03 | H93: offen | I93: =IF(LEFT(H93,3)="NUF",LEFT(H93,5),IF(LEFT(H93,2)="TF","TF",IF(LEFT(H93,2)="VF","VF","offen"))) | J93: keine Bezeichnung | K93: ja
A94: DWG-Import F3.2 | B94: DE-SIE-11154 (EG-Zeichnung) | C94: EG | D94: 15-10 | G94: 6.56 | H94: offen | I94: =IF(LEFT(H94,3)="NUF",LEFT(H94,5),IF(LEFT(H94,2)="TF","TF",IF(LEFT(H94,2)="VF","VF","offen"))) | J94: keine Bezeichnung | K94: ja
A95: DWG-Import F3.2 | B95: DE-SIE-11154 (EG-Zeichnung) | C95: EG | D95: 15-8 | G95: 3.04 | H95: offen | I95: =IF(LEFT(H95,3)="NUF",LEFT(H95,5),IF(LEFT(H95,2)="TF","TF",IF(LEFT(H95,2)="VF","VF","offen"))) | J95: keine Bezeichnung | K95: ja
A96: DWG-Import F3.2 | B96: DE-SIE-11154 (EG-Zeichnung) | C96: EG | D96: 15-8.1 | G96: 1.55 | H96: offen | I96: =IF(LEFT(H96,3)="NUF",LEFT(H96,5),IF(LEFT(H96,2)="TF","TF",IF(LEFT(H96,2)="VF","VF","offen"))) | J96: keine Bezeichnung | K96: ja
A97: DWG-Import F3.2 | B97: DE-SIE-11154 (EG-Zeichnung) | C97: EG | D97: 15-8.2 | G97: 1.55 | H97: offen | I97: =IF(LEFT(H97,3)="NUF",LEFT(H97,5),IF(LEFT(H97,2)="TF","TF",IF(LEFT(H97,2)="VF","VF","offen"))) | J97: keine Bezeichnung | K97: ja
A98: DWG-Import F3.2 | B98: DE-SIE-11154 (EG-Zeichnung) | C98: EG | D98: 15-6 | E98: Garderobe | G98: 22.51 | H98: NUF 7.2 | I98: =IF(LEFT(H98,3)="NUF",LEFT(H98,5),IF(LEFT(H98,2)="TF","TF",IF(LEFT(H98,2)="VF","VF","offen"))) | J98: Bezeichnung | K98: nein
A99: DWG-Import F3.2 | B99: DE-SIE-11154 (EG-Zeichnung) | C99: EG | D99: 15-7 | E99: Vorbereitungsküche | G99: 19.01 | H99: NUF 3.7 | I99: =IF(LEFT(H99,3)="NUF",LEFT(H99,5),IF(LEFT(H99,2)="TF","TF",IF(LEFT(H99,2)="VF","VF","offen"))) | J99: Bezeichnung | K99: nein
A100: DWG-Import F3.2 | B100: DE-SIE-11154 (EG-Zeichnung) | C100: EG | D100: 55 | E100: Koch- und Bratküche | G100: 140.7 | H100: NUF 3.7 | I100: =IF(LEFT(H100,3)="NUF",LEFT(H100,5),IF(LEFT(H100,2)="TF","TF",IF(LEFT(H100,2)="VF","VF","offen"))) | J100: Bezeichnung | K100: nein
A101: DWG-Import F3.2 | B101: DE-SIE-11154 (EG-Zeichnung) | C101: EG | D101: 58-5 | E101: Tageslager | G101: 3.79 | H101: NUF 4.1 | I101: =IF(LEFT(H101,3)="NUF",LEFT(H101,5),IF(LEFT(H101,2)="TF","TF",IF(LEFT(H101,2)="VF","VF","offen"))) | J101: Bezeichnung | K101: nein
A102: DWG-Import F3.2 | B102: DE-SIE-11154 (EG-Zeichnung) | C102: EG | D102: 62 | E102: Gäste 2 | G102: 41.67 | H102: NUF 1.5 | I102: =IF(LEFT(H102,3)="NUF",LEFT(H102,5),IF(LEFT(H102,2)="TF","TF",IF(LEFT(H102,2)="VF","VF","offen"))) | J102: Bezeichnung | K102: ja
A103: DWG-Import F3.2 | B103: DE-SIE-11154 (EG-Zeichnung) | C103: EG | D103: 58-3 | G103: 4.52 | H103: offen | I103: =IF(LEFT(H103,3)="NUF",LEFT(H103,5),IF(LEFT(H103,2)="TF","TF",IF(LEFT(H103,2)="VF","VF","offen"))) | J103: keine Bezeichnung | K103: ja
A104: DWG-Import F3.2 | B104: DE-SIE-11154 (EG-Zeichnung) | C104: EG | D104: 58 | G104: 7.62 | H104: offen | I104: =IF(LEFT(H104,3)="NUF",LEFT(H104,5),IF(LEFT(H104,2)="TF","TF",IF(LEFT(H104,2)="VF","VF","offen"))) | J104: keine Bezeichnung | K104: ja
A105: DWG-Import F3.2 | B105: DE-SIE-11154 (EG-Zeichnung) | C105: EG | D105: 58-8 | G105: 6.08 | H105: offen | I105: =IF(LEFT(H105,3)="NUF",LEFT(H105,5),IF(LEFT(H105,2)="TF","TF",IF(LEFT(H105,2)="VF","VF","offen"))) | J105: keine Bezeichnung | K105: ja
A106: DWG-Import F3.2 | B106: DE-SIE-11154 (EG-Zeichnung) | C106: EG | D106: 58-9 | G106: 1.92 | H106: offen | I106: =IF(LEFT(H106,3)="NUF",LEFT(H106,5),IF(LEFT(H106,2)="TF","TF",IF(LEFT(H106,2)="VF","VF","offen"))) | J106: keine Bezeichnung | K106: ja
A107: DWG-Import F3.2 | B107: DE-SIE-11154 (EG-Zeichnung) | C107: EG | D107: 58-10 | G107: 3.09 | H107: offen | I107: =IF(LEFT(H107,3)="NUF",LEFT(H107,5),IF(LEFT(H107,2)="TF","TF",IF(LEFT(H107,2)="VF","VF","offen"))) | J107: keine Bezeichnung | K107: ja
A108: DWG-Import F3.2 | B108: DE-SIE-11154 (EG-Zeichnung) | C108: EG | D108: 57 | G108: 14.27 | H108: offen | I108: =IF(LEFT(H108,3)="NUF",LEFT(H108,5),IF(LEFT(H108,2)="TF","TF",IF(LEFT(H108,2)="VF","VF","offen"))) | J108: keine Bezeichnung | K108: ja
A109: DWG-Import F3.2 | B109: DE-SIE-11154 (EG-Zeichnung) | C109: EG | D109: 56 | E109: Tageslager | G109: 8.03 | H109: NUF 4.1 | I109: =IF(LEFT(H109,3)="NUF",LEFT(H109,5),IF(LEFT(H109,2)="TF","TF",IF(LEFT(H109,2)="VF","VF","offen"))) | J109: Bezeichnung | K109: nein
A110: DWG-Import F3.2 | B110: DE-SIE-11154 (EG-Zeichnung) | C110: EG | D110: 58-1 | G110: 21.75 | H110: offen | I110: =IF(LEFT(H110,3)="NUF",LEFT(H110,5),IF(LEFT(H110,2)="TF","TF",IF(LEFT(H110,2)="VF","VF","offen"))) | J110: keine Bezeichnung | K110: ja
A111: DWG-Import F3.2 | B111: DE-SIE-11154 (EG-Zeichnung) | C111: EG | D111: 58-2 | E111: An- u. Rücklieferung | G111: 11.9 | H111: NUF 4.4 | I111: =IF(LEFT(H111,3)="NUF",LEFT(H111,5),IF(LEFT(H111,2)="TF","TF",IF(LEFT(H111,2)="VF","VF","offen"))) | J111: Bezeichnung | K111: nein
A112: DWG-Import F3.2 | B112: DE-SIE-11154 (EG-Zeichnung) | C112: EG | D112: 61 | E112: Gäste 1 | G112: 28.54 | H112: NUF 1.5 | I112: =IF(LEFT(H112,3)="NUF",LEFT(H112,5),IF(LEFT(H112,2)="TF","TF",IF(LEFT(H112,2)="VF","VF","offen"))) | J112: Bezeichnung | K112: ja
A113: DWG-Import F3.2 | B113: DE-SIE-11154 (EG-Zeichnung) | C113: EG | D113: 60-3 | G113: 5.93 | H113: offen | I113: =IF(LEFT(H113,3)="NUF",LEFT(H113,5),IF(LEFT(H113,2)="TF","TF",IF(LEFT(H113,2)="VF","VF","offen"))) | J113: keine Bezeichnung | K113: ja
A114: DWG-Import F3.2 | B114: DE-SIE-11154 (EG-Zeichnung) | C114: EG | D114: 60-3.1 | G114: 8.25 | H114: offen | I114: =IF(LEFT(H114,3)="NUF",LEFT(H114,5),IF(LEFT(H114,2)="TF","TF",IF(LEFT(H114,2)="VF","VF","offen"))) | J114: keine Bezeichnung | K114: ja
A115: DWG-Import F3.2 | B115: DE-SIE-11154 (EG-Zeichnung) | C115: EG | D115: 60-4 | G115: 2.77 | H115: offen | I115: =IF(LEFT(H115,3)="NUF",LEFT(H115,5),IF(LEFT(H115,2)="TF","TF",IF(LEFT(H115,2)="VF","VF","offen"))) | J115: keine Bezeichnung | K115: ja
A116: DWG-Import F3.2 | B116: DE-SIE-11154 (EG-Zeichnung) | C116: EG | D116: 60-4.1 | G116: 1.4 | H116: offen | I116: =IF(LEFT(H116,3)="NUF",LEFT(H116,5),IF(LEFT(H116,2)="TF","TF",IF(LEFT(H116,2)="VF","VF","offen"))) | J116: keine Bezeichnung | K116: ja
A117: DWG-Import F3.2 | B117: DE-SIE-11154 (EG-Zeichnung) | C117: EG | D117: 60-5 | E117: Tel | G117: 2.6 | H117: TF 8 | I117: =IF(LEFT(H117,3)="NUF",LEFT(H117,5),IF(LEFT(H117,2)="TF","TF",IF(LEFT(H117,2)="VF","VF","offen"))) | J117: Bezeichnung | K117: ja
A118: DWG-Import F3.2 | B118: DE-SIE-11154 (EG-Zeichnung) | C118: EG | D118: 60-1 | G118: 2.6 | H118: offen | I118: =IF(LEFT(H118,3)="NUF",LEFT(H118,5),IF(LEFT(H118,2)="TF","TF",IF(LEFT(H118,2)="VF","VF","offen"))) | J118: keine Bezeichnung | K118: ja
A119: DWG-Import F3.2 | B119: DE-SIE-11154 (EG-Zeichnung) | C119: EG | D119: 60-2 | G119: 5.35 | H119: offen | I119: =IF(LEFT(H119,3)="NUF",LEFT(H119,5),IF(LEFT(H119,2)="TF","TF",IF(LEFT(H119,2)="VF","VF","offen"))) | J119: keine Bezeichnung | K119: ja
A120: DWG-Import F3.2 | B120: DE-SIE-11154 (EG-Zeichnung) | C120: EG | D120: 60 | G120: 39.42 | H120: offen | I120: =IF(LEFT(H120,3)="NUF",LEFT(H120,5),IF(LEFT(H120,2)="TF","TF",IF(LEFT(H120,2)="VF","VF","offen"))) | J120: keine Bezeichnung | K120: ja
A121: DWG-Import F3.2 | B121: DE-SIE-11154 (EG-Zeichnung) | C121: EG | D121: 60-6 | G121: 34.67 | H121: offen | I121: =IF(LEFT(H121,3)="NUF",LEFT(H121,5),IF(LEFT(H121,2)="TF","TF",IF(LEFT(H121,2)="VF","VF","offen"))) | J121: keine Bezeichnung | K121: ja
A122: DWG-Import F3.2 | B122: DE-SIE-11154 (EG-Zeichnung) | C122: EG | D122: 52 | G122: 38.49 | H122: offen | I122: =IF(LEFT(H122,3)="NUF",LEFT(H122,5),IF(LEFT(H122,2)="TF","TF",IF(LEFT(H122,2)="VF","VF","offen"))) | J122: keine Bezeichnung | K122: ja
...

Sheet DIN277-Katalog
A1: Code | B1: Bezeichnung (DIN 277:2021, Auszug)
A2: NUF 1.1 | B2: Wohnräume
A3: NUF 1.2 | B3: Gemeinschaftsräume
A4: NUF 1.3 | B4: Pausenräume
A5: NUF 1.4 | B5: Warteräume
A6: NUF 1.5 | B6: Speiseräume
A7: NUF 2.1 | B7: Büroräume
A8: NUF 2.2 | B8: Großraumbüros
A9: NUF 2.3 | B9: Besprechungsräume
A10: NUF 3.2 | B10: Werkstätten
A11: NUF 3.7 | B11: Küchen
A12: NUF 3.8 | B12: Sonderarbeitsräume
... A26: offen | B26: noch nicht zugeordnet

Sheet Hinweise
A1: Thema | B1: Hinweis
A2: Gegenstand | B2: Flächenauswertung nach DIN 277:2021 (Grundflächen und Rauminhalte im Hochbau) über alle Geschosse, die im Repository cafm-acw mit Flächendaten vorliegen.
A3: Quelle A | B3: backend/seed/app_state_live.json – CAFM-Datenstand, Mandant TEN-001 (Testliegenschaft Alpha / Testgebäude A, Geschosse 01 und 02). Fläche = Merkmal „Netto-Raumfläche“, Zuordnung über Merkmal „Nutzungsart“. TEN-002 enthält nur einen Testraum ohne Fläche, TEN-003 keine Objekte.
A4: Quelle B | B4: docs/test-results/F3.2_AEC_Muster_Ergebnis.json – Ergebnis des AEC-Flächenimports der Zeichnung DE-SIE-11154-04-02-01_EG (124 AecDbSpaces, Layer A_Raeume). Fläche = aecArea. In der Zeichnung liegt nur das Erdgeschoss vor.
A5: Zuordnung | B5: DIN-277-Codes wurden aus Raumbezeichnung bzw. Nutzungsart abgeleitet. Untergruppen (z. B. NUF 2.1) sind Vorschläge; Hauptgruppen (NUF 1–7, TF, VF) sind für die Auswertung maßgeblich. Räume mit unklarer Bezeichnung sind in der Raumliste mit „prüfen = ja“ markiert.
A6: Nicht zugeordnet | B6: Der Großteil der DWG-Räume hat keine Raumbezeichnung (Property „Name“ leer). Diese Räume stehen auf „offen“ und erscheinen in der Spalte „nicht zugeordnet“. Sobald der Code in Raumliste!H gesetzt wird, rechnet die Auswertung neu.
A7: BGF / KGF | B7: Nicht ermittelbar (n. e.): Beide Quellen enthalten nur Raumflächen (NRF), keine Geschossumrisse, Wand- oder Konstruktionsflächen. Für BGF = NRF + KGF wird ein BGF-Polygon je Geschoss (DWG-Layer oder CAFM-Merkmal) benötigt.
A8: Bereiche a/b/c | B8: Alle Flächen wurden als Bereich a (regulär umschlossen) gewertet; Balkone, Loggien o. Ä. sind in den Quellen nicht gekennzeichnet.
A9: Datenqualität | B9: Geschoss OBJ-031: Name „02“ und Nummer „1.Obergeschoss“ sind im CAFM vertauscht gepflegt. Raum 101 (Testraum) hat keine Netto-Raumfläche. DWG-Raum 0069 hat die Nummer „??“. Das DWG-Property „OKFFB“ enthält Ziffern 1–9, die keiner DIN-277-Gruppe konsistent entsprechen (z. B. Büros = 1) und wurden daher nicht verwendet. Umlaute aus der DWG (CP850) wurden korrigiert.
A10: Systemabgleich | B10: Das CAFM ACW kennt DIN 277 bisher als zentral gepflegten Systemkatalog, als Merkmal „DIN-277-Kategorie“ (Freitext beim BIM-Import) und für Piktogramme. Eine fertige DIN-277-Auswertung je Geschoss gibt es im System noch nicht; das Mandantenmerkmal „Nutzungsart“ nutzt aktuell einen Testkatalog (Büro, Besprechung, Technik).
A11: Bedienung | B11: Gelbe Zellen in Raumliste!H sind die einzigen Eingabezellen (Dropdown aus Blatt „DIN277-Katalog“). Alle Summen und Kennzahlen sind Formeln.
